t,timestamp,regime,corr_z,corr_bucket,decision_priority,decision_secondary,decision,decision_narrative,anomaly_count,var_99,var_99_method,gross_exposure,hedge,pnl_frac
130,2020-07-01 00:00:00,CALM,0.0,normal,normal,,[],normal,0,0.00888873323707148,mc_full_var,0.9220267893542727,SPY hedge ~0.0% notional; none,-0.005330172092302956
131,2020-07-02 00:00:00,CALM,0.7071067811865476,normal,normal,,[],normal,0,0.009756263247645947,mc_full_var,0.8899844624206029,SPY hedge ~0.0% notional; none,-0.004479835699387742
132,2020-07-03 00:00:00,CALM,-0.21568073435665933,normal,normal,,[],normal,0,0.014327299328429228,mc_full_var,0.8346148087730646,SPY hedge ~0.0% notional; none,-0.006053023163636519
133,2020-07-06 00:00:00,CALM,-0.7946240748083467,normal,normal,,[],normal,0,0.01552398420236934,mc_full_var,0.8000219665194546,SPY hedge ~0.0% notional; none,-0.0036706546678168515
134,2020-07-07 00:00:00,CALM,-1.1521220755502217,diversification,diversification_regime,,[],diversification_regime,0,0.013838431103369712,mc_full_var,0.9725716923899829,SPY hedge ~0.0% notional; none,-0.0026217393062944704
135,2020-07-08 00:00:00,CALM,-0.8990767617028383,normal,normal,,[],normal,0,0.01124861424731366,mc_full_var,0.9783904942961232,SPY hedge ~0.0% notional; none,-0.003106756194812025
136,2020-07-09 00:00:00,CALM,-1.3616258763244729,diversification,diversification_regime,,[],diversification_regime,0,0.011017800404476854,mc_full_var,0.9987174737081945,SPY hedge ~0.0% notional; none,-0.010982046043617072
137,2020-07-10 00:00:00,CALM,1.536937791911466,crisis_spike,corr_crisis,fact_anomaly,['fact_anomaly'],corr_crisis | also: fact_anomaly,3,0.0119489721833934,mc_full_var,0.8715258324846458,SPY hedge ~0.0% notional; corr_or_stress_hedge,-0.0037258293755399836
138,2020-07-13 00:00:00,CALM,-0.23461684601174393,normal,anomaly_suppress,,[],anomaly_suppress,3,0.012120432313547876,mc_full_var,0.8577158074660602,SPY hedge ~0.0% notional; none,0.010642896892857674
139,2020-07-14 00:00:00,CALM,-0.9649689380594726,normal,normal,,[],normal,2,0.01280195024562566,mc_full_var,0.9957454170060246,SPY hedge ~0.0% notional; none,0.002995988007496519
140,2020-07-15 00:00:00,CALM,0.9319038164336194,normal,normal,,[],normal,2,0.01139397832004391,mc_full_var,0.9859300789044773,SPY hedge ~0.0% notional; none,0.0037310551331329695
141,2020-07-16 00:00:00,TRANSITION,0.9701305054732834,normal,anomaly_suppress,fact_transition,['fact_transition'],anomaly_suppress | also: fact_transition,4,0.010770525278760764,mc_full_var,0.905760561545627,SPY hedge ~0.0% notional; none,0.0017617860454316567
142,2020-07-17 00:00:00,CALM,1.345872439351739,normal,normal,,[],normal,2,0.011509312884861234,mc_full_var,0.9999999999999999,SPY hedge ~0.0% notional; none,-0.007006925929759754
143,2020-07-20 00:00:00,CALM,1.8179924080663128,crisis_spike,corr_crisis,,[],corr_crisis,0,0.011541494047118824,mc_full_var,0.8689707651572215,SPY hedge ~0.0% notional; corr_or_stress_hedge,-0.005555903388978195
144,2020-07-21 00:00:00,CALM,1.6499615555438008,crisis_spike,corr_crisis,,[],corr_crisis,0,0.013935374525501478,mc_full_var,0.7,SPY hedge ~0.0% notional; corr_or_stress_hedge,-0.006205303597420297
145,2020-07-22 00:00:00,CALM,1.9469775843052397,crisis_spike,corr_crisis,,[],corr_crisis,0,0.014925167190880603,mc_full_var,0.71864208421855,SPY hedge ~0.0% notional; corr_or_stress_hedge,0.00012887081135387097
146,2020-07-23 00:00:00,CALM,1.6836158134035966,crisis_spike,corr_crisis,,[],corr_crisis,0,0.013737170213383046,mc_full_var,0.4726248380985554,SPY hedge ~0.0% notional; corr_or_stress_hedge,-0.00021894729609719856
147,2020-07-24 00:00:00,CALM,1.4288228955281448,normal,normal,,[],normal,2,0.01698967746857024,mc_full_var,0.6725510098185632,SPY hedge ~0.0% notional; none,-0.0042006892338630085
148,2020-07-27 00:00:00,CALM,2.7571966985030003,crisis_spike,corr_crisis,fact_anomaly,['fact_anomaly'],corr_crisis | also: fact_anomaly,3,0.014720566514554195,mc_full_var,0.7668925130386077,SPY hedge ~0.0% notional; corr_or_stress_hedge,-0.002762516069629648
149,2020-07-28 00:00:00,CALM,2.1616720470641435,crisis_spike,corr_crisis,,[],corr_crisis,2,0.013463830308453068,mc_full_var,0.8770340175097598,SPY hedge ~0.0% notional; corr_or_stress_hedge,0.004175926380774037
150,2020-07-29 00:00:00,CALM,2.149948456318157,crisis_spike,corr_crisis,,[],corr_crisis,2,0.012976861991100002,mc_full_var,0.771824368163945,SPY hedge ~0.0% notional; corr_or_stress_hedge,-0.005324134110132643
151,2020-07-30 00:00:00,CALM,2.069686015000712,crisis_spike,corr_crisis,,[],corr_crisis,2,0.015105475665812575,mc_full_var,0.8703538129550785,SPY hedge ~0.0% notional; corr_or_stress_hedge,0.008668560107349607
152,2020-07-31 00:00:00,CALM,2.3499545120047407,crisis_spike,corr_crisis,,[],corr_crisis,0,0.013175210411366975,mc_full_var,0.7919219318311002,SPY hedge ~0.0% notional; corr_or_stress_hedge,-0.0009311531342306464
153,2020-08-03 00:00:00,CALM,2.0223982697957683,crisis_spike,corr_crisis,,[],corr_crisis,0,0.015057410042387741,mc_full_var,0.7,SPY hedge ~0.0% notional; corr_or_stress_hedge,0.0008313304554309353
154,2020-08-04 00:00:00,CALM,1.844660985502988,crisis_spike,corr_crisis,,[],corr_crisis,2,0.014608766476910506,mc_full_var,0.7,SPY hedge ~0.0% notional; corr_or_stress_hedge,0.007045549278293787
155,2020-08-05 00:00:00,CALM,2.1677244932085937,crisis_spike,corr_crisis,,[],corr_crisis,0,0.016068808957777358,mc_full_var,0.7,SPY hedge ~0.0% notional; corr_or_stress_hedge,0.0039675242992425995
156,2020-08-06 00:00:00,CALM,1.9665612116615303,crisis_spike,corr_crisis,,[],corr_crisis,0,0.016079883365494357,mc_full_var,0.7,SPY hedge ~0.0% notional; corr_or_stress_hedge,0.00012650029476702707
157,2020-08-07 00:00:00,TRANSITION,1.495523380065974,normal,anomaly_suppress,fact_transition,['fact_transition'],anomaly_suppress | also: fact_transition,4,0.01541327146170069,mc_full_var,0.5897376880906425,SPY hedge ~0.0% notional; none,0.002891134449076841
158,2020-08-10 00:00:00,CALM,1.6677750340983413,crisis_spike,corr_crisis,fact_anomaly,['fact_anomaly'],corr_crisis | also: fact_anomaly,3,0.016744805217978352,mc_full_var,0.7726799872177085,SPY hedge ~0.0% notional; corr_or_stress_hedge,0.004225960106295176
159,2020-08-11 00:00:00,CALM,1.6104010595099085,crisis_spike,corr_crisis,,[],corr_crisis,2,0.011899927317118907,mc_full_var,0.8872250468646852,SPY hedge ~0.0% notional; corr_or_stress_hedge,0.0015275484406086976
160,2020-08-12 00:00:00,CALM,1.3911271243559398,normal,normal,,[],normal,2,0.01231207091909942,mc_full_var,0.6645310792087777,SPY hedge ~0.0% notional; none,-0.0004328169406257932
161,2020-08-13 00:00:00,CALM,1.2852738375055375,normal,normal,,[],normal,2,0.01368220261366129,mc_full_var,0.8859205774127212,SPY hedge ~0.0% notional; none,-0.00159046835144984
162,2020-08-14 00:00:00,CALM,1.1193073633228419,normal,normal,,[],normal,2,0.013374353593817863,mc_full_var,0.87670800686934,SPY hedge ~0.0% notional; none,-0.0033048399962716016
163,2020-08-17 00:00:00,CALM,0.9530685764681822,normal,normal,,[],normal,2,0.0135424933481323,mc_full_var,0.8490544223488243,SPY hedge ~0.0% notional; none,-0.0017559185697843395
164,2020-08-18 00:00:00,CALM,0.8503311782206276,normal,normal,,[],normal,2,0.014043316946405591,mc_full_var,0.8113814484121131,SPY hedge ~0.0% notional; none,0.0064435400768074885
165,2020-08-19 00:00:00,TRANSITION,1.532001316067846,crisis_spike,corr_crisis,fact_anomaly|fact_transition,"['fact_anomaly', 'fact_transition']","corr_crisis | also: fact_anomaly,fact_transition",4,0.013585546017241629,mc_full_var,0.7,SPY hedge ~0.0% notional; corr_or_stress_hedge,0.0028716467004759275
166,2020-08-20 00:00:00,CALM,1.4543827257095414,normal,normal,,[],normal,2,0.016182610189926883,mc_full_var,0.802090443158157,SPY hedge ~0.0% notional; none,0.00376365345508217
167,2020-08-21 00:00:00,CALM,1.3942998477734454,normal,normal,,[],normal,2,0.013522228270353018,mc_full_var,0.7459918206051253,SPY hedge ~0.0% notional; none,0.0029364248560312407
168,2020-08-24 00:00:00,CALM,1.1642018643421612,normal,normal,,[],normal,0,0.014801293864641017,mc_full_var,0.5884604977943583,SPY hedge ~0.0% notional; none,-0.001667168226097637
169,2020-08-25 00:00:00,CALM,1.1457834079840283,normal,normal,,[],normal,2,0.015686155096089904,mc_full_var,0.6849913192686521,SPY hedge ~0.0% notional; none,-0.005159147640775602
170,2020-08-26 00:00:00,TRANSITION,0.9854041431734261,normal,anomaly_suppress,fact_transition,['fact_transition'],anomaly_suppress | also: fact_transition,4,0.014710333783487602,mc_full_var,0.9209059645043803,SPY hedge ~0.0% notional; none,0.007372347485134031
171,2020-08-27 00:00:00,TRANSITION,0.8172400418720218,normal,anomaly_suppress,fact_transition,['fact_transition'],anomaly_suppress | also: fact_transition,4,0.013868628877612765,mc_full_var,0.8419532395607369,SPY hedge ~0.0% notional; none,0.002932953547993537
172,2020-08-28 00:00:00,CALM,0.7496526664948802,normal,normal,,[],normal,0,0.013558475488508982,mc_full_var,0.7,SPY hedge ~0.0% notional; none,0.0060496116575611825
173,2020-08-31 00:00:00,CALM,0.7943825868896848,normal,normal,,[],normal,0,0.015162179715582936,mc_full_var,0.6532193595176699,SPY hedge ~0.0% notional; none,-0.0006385819589944852
174,2020-09-01 00:00:00,CALM,0.8050746609151359,normal,normal,,[],normal,2,0.013358280096258513,mc_full_var,0.8711870644303348,SPY hedge ~0.0% notional; none,0.004800749924982173
175,2020-09-02 00:00:00,CALM,0.5462203954464291,normal,normal,,[],normal,2,0.010935053799488921,mc_full_var,0.7684810265623595,SPY hedge ~0.0% notional; none,0.002658670100925899
176,2020-09-03 00:00:00,CALM,0.6369749861493307,normal,normal,,[],normal,0,0.013071736473882671,mc_full_var,0.5715963635391883,SPY hedge ~0.0% notional; none,0.00026099777222952534
177,2020-09-04 00:00:00,CALM,0.545035952298711,normal,normal,,[],normal,0,0.013758778577181335,mc_full_var,0.7009194165180885,SPY hedge ~0.0% notional; none,-0.004360340044710835
178,2020-09-07 00:00:00,CALM,0.46931297923020443,normal,normal,,[],normal,0,0.013130082578534978,mc_full_var,0.84676726973139,SPY hedge ~0.0% notional; none,0.008349132740086047
179,2020-09-08 00:00:00,CALM,0.663966288324879,normal,normal,,[],normal,0,0.012186106255614311,mc_full_var,0.6518308794105959,SPY hedge ~0.0% notional; none,0.0004172191626970814
180,2020-09-09 00:00:00,CALM,0.6465203097671515,normal,normal,,[],normal,0,0.01398417562046139,mc_full_var,0.5325857718228294,SPY hedge ~0.0% notional; none,-0.0019076998173770208
181,2020-09-10 00:00:00,CALM,0.7394419809047821,normal,normal,,[],normal,2,0.01623392329185944,mc_full_var,0.5504612890623996,SPY hedge ~0.0% notional; none,0.005220959186929435
182,2020-09-11 00:00:00,CALM,0.9573455523608753,normal,normal,,[],normal,0,0.015179838413506294,mc_full_var,0.6733557409911707,SPY hedge ~0.0% notional; none,0.006353835677882829
183,2020-09-14 00:00:00,CALM,1.5035731772974783,crisis_spike,corr_crisis,,[],corr_crisis,0,0.015767209777231783,mc_full_var,0.6042883329267787,SPY hedge ~0.0% notional; corr_or_stress_hedge,-0.0008300401257080117
184,2020-09-15 00:00:00,CALM,1.2810840385580202,normal,normal,,[],normal,0,0.014674655747664599,mc_full_var,0.5159213581478672,SPY hedge ~0.0% notional; none,-0.0011478380366185905
185,2020-09-16 00:00:00,CALM,1.1606405763791927,normal,normal,,[],normal,0,0.015350199643333732,mc_full_var,0.5394183105549748,SPY hedge ~0.0% notional; none,-0.003993470231642052
186,2020-09-17 00:00:00,CALM,1.0790385602577217,normal,normal,,[],normal,0,0.01576824232151636,mc_full_var,0.45828413036553217,SPY hedge ~0.0% notional; none,-0.0010725891701550724
187,2020-09-18 00:00:00,CALM,0.9715644140434523,normal,normal,,[],normal,0,0.016381552065857452,mc_full_var,0.38119772603147933,SPY hedge ~0.0% notional; none,-0.0014683786257082857
188,2020-09-21 00:00:00,CALM,0.9326053188738529,normal,normal,,[],normal,2,0.020070348701346153,mc_full_var,0.35,SPY hedge ~0.0% notional; none,0.00022829742747551421
189,2020-09-22 00:00:00,CALM,0.909756152294314,normal,normal,,[],normal,0,0.021726250063542236,mc_full_var,0.35,SPY hedge ~0.0% notional; none,-0.001803097908696431
190,2020-09-23 00:00:00,TRANSITION,0.7174941904690239,normal,anomaly_suppress,fact_transition,['fact_transition'],anomaly_suppress | also: fact_transition,4,0.022394393033915848,mc_full_var,0.35,SPY hedge ~0.0% notional; none,0.0037036839110345886
191,2020-09-24 00:00:00,CALM,0.9092369904180012,normal,normal,,[],normal,2,0.024106426632701124,mc_full_var,0.4091723967562043,SPY hedge ~0.0% notional; none,0.0005025070195545408
192,2020-09-25 00:00:00,CALM,0.9215326136950912,normal,normal,,[],normal,2,0.019278084147650858,mc_full_var,0.5822569864457031,SPY hedge ~0.0% notional; none,-0.0016997255726291611
193,2020-09-28 00:00:00,TRANSITION,1.8180712365411666,crisis_spike,corr_crisis,fact_anomaly|fact_transition,"['fact_anomaly', 'fact_transition']","corr_crisis | also: fact_anomaly,fact_transition",5,0.015698261170609684,mc_full_var,0.5283830533325325,SPY hedge ~0.0% notional; corr_or_stress_hedge,0.005719552888703282
194,2020-09-29 00:00:00,TRANSITION,1.548823420581759,crisis_spike,corr_crisis,fact_anomaly|fact_transition,"['fact_anomaly', 'fact_transition']","corr_crisis | also: fact_anomaly,fact_transition",4,0.01460106875444551,mc_full_var,0.7,SPY hedge ~0.0% notional; corr_or_stress_hedge,-0.0035934588021711215
195,2020-09-30 00:00:00,CALM,2.033265495090785,crisis_spike,corr_crisis,fact_anomaly,['fact_anomaly'],corr_crisis | also: fact_anomaly,3,0.015473116995011842,mc_full_var,0.7,SPY hedge ~0.0% notional; corr_or_stress_hedge,-0.0029645595889525355
196,2020-10-01 00:00:00,CALM,1.8818568380213914,crisis_spike,corr_crisis,,[],corr_crisis,2,0.015295518689970082,mc_full_var,0.7,SPY hedge ~0.0% notional; corr_or_stress_hedge,-0.005728048212807022
197,2020-10-02 00:00:00,CALM,1.7819122819351085,crisis_spike,corr_crisis,,[],corr_crisis,2,0.014838473830898952,mc_full_var,0.7,SPY hedge ~0.0% notional; corr_or_stress_hedge,0.0028239982910538497
198,2020-10-05 00:00:00,CALM,1.896686367334517,crisis_spike,corr_crisis,,[],corr_crisis,2,0.015305475640331913,mc_full_var,0.7,SPY hedge ~0.0% notional; corr_or_stress_hedge,0.0021503498645184744
199,2020-10-06 00:00:00,CALM,1.6428121624484926,crisis_spike,corr_crisis,,[],corr_crisis,2,0.014427431977840955,mc_full_var,0.5704010873817956,SPY hedge ~0.0% notional; corr_or_stress_hedge,-0.0016325254621562051
200,2020-10-07 00:00:00,CALM,1.6855790976874516,crisis_spike,corr_crisis,,[],corr_crisis,2,0.016201945077922057,mc_full_var,0.6260807039007287,SPY hedge ~0.0% notional; corr_or_stress_hedge,0.003664761985545684
201,2020-10-08 00:00:00,CALM,1.5274156740124991,crisis_spike,corr_crisis,,[],corr_crisis,2,0.01454173895361844,mc_full_var,0.4723514951123826,SPY hedge ~0.0% notional; corr_or_stress_hedge,-0.00690609307607622
202,2020-10-09 00:00:00,TRANSITION,2.6305025662217116,crisis_spike,corr_crisis,fact_anomaly|fact_transition,"['fact_anomaly', 'fact_transition']","corr_crisis | also: fact_anomaly,fact_transition",9,0.015866134244398783,mc_full_var,0.5480838984890228,SPY hedge ~0.0% notional; corr_or_stress_hedge,0.005484526970137018
203,2020-10-12 00:00:00,CALM,2.534083633415981,crisis_spike,corr_crisis,,[],corr_crisis,2,0.015463950646844709,mc_full_var,0.5631422245061494,SPY hedge ~0.0% notional; corr_or_stress_hedge,-0.0006578373357627098
204,2020-10-13 00:00:00,CALM,2.388306704580803,crisis_spike,corr_crisis,,[],corr_crisis,2,0.015433634989312812,mc_full_var,0.4919741468710447,SPY hedge ~0.0% notional; corr_or_stress_hedge,0.0009047916292467787
205,2020-10-14 00:00:00,CALM,2.3714015222559133,crisis_spike,corr_crisis,,[],corr_crisis,2,0.01581767272695261,mc_full_var,0.3795700633967103,SPY hedge ~0.0% notional; corr_or_stress_hedge,0.005915464079824538
206,2020-10-15 00:00:00,CALM,2.3373559295682393,crisis_spike,corr_crisis,,[],corr_crisis,2,0.02127997762237433,mc_full_var,0.5506512933193064,SPY hedge ~0.0% notional; corr_or_stress_hedge,-0.0004348475049732309
207,2020-10-16 00:00:00,CALM,2.121618062873764,crisis_spike,corr_crisis,,[],corr_crisis,2,0.015267837172847134,mc_full_var,0.35,SPY hedge ~0.0% notional; corr_or_stress_hedge,0.005406774299987457
208,2020-10-19 00:00:00,CALM,1.9472831252042444,crisis_spike,corr_crisis,,[],corr_crisis,2,0.021743951147171592,mc_full_var,0.49155621887763457,SPY hedge ~0.0% notional; corr_or_stress_hedge,0.002465331814770108
209,2020-10-20 00:00:00,CALM,1.8280526786282505,crisis_spike,corr_crisis,,[],corr_crisis,2,0.016831457312249703,mc_full_var,0.35,SPY hedge ~0.0% notional; corr_or_stress_hedge,-0.0014670518006548278
210,2020-10-21 00:00:00,CALM,1.7759478233475599,crisis_spike,corr_crisis,,[],corr_crisis,2,0.02261289358360885,mc_full_var,0.6015884682411801,SPY hedge ~0.0% notional; corr_or_stress_hedge,0.006112714549361437
211,2020-10-22 00:00:00,CALM,1.900045831120805,crisis_spike,corr_crisis,,[],corr_crisis,2,0.015253519166689506,mc_full_var,0.6163169096789921,SPY hedge ~0.0% notional; corr_or_stress_hedge,-0.0010331052347366228
212,2020-10-23 00:00:00,CALM,1.7862457557158413,crisis_spike,corr_crisis,,[],corr_crisis,2,0.015172579259991976,mc_full_var,0.5811691120339042,SPY hedge ~0.0% notional; corr_or_stress_hedge,-0.012090409666916324
213,2020-10-26 00:00:00,CALM,1.61436621585985,crisis_spike,corr_crisis,,[],corr_crisis,2,0.015733927478477502,mc_full_var,0.42612484480833634,SPY hedge ~0.0% notional; corr_or_stress_hedge,0.0015631653979584434
214,2020-10-27 00:00:00,CALM,1.5281824098810717,crisis_spike,corr_crisis,,[],corr_crisis,2,0.020455753440338505,mc_full_var,0.6084394108078179,SPY hedge ~0.0% notional; corr_or_stress_hedge,-0.006975777976972829
215,2020-10-28 00:00:00,CALM,1.4374987025466615,normal,normal,,[],normal,2,0.014653838440320898,mc_full_var,0.7568823205155112,SPY hedge ~0.0% notional; none,-0.004895391817263201
216,2020-10-29 00:00:00,TRANSITION,1.7925533608914126,crisis_spike,corr_crisis,fact_anomaly|fact_transition,"['fact_anomaly', 'fact_transition']","corr_crisis | also: fact_anomaly,fact_transition",4,0.014061428058231077,mc_full_var,0.7913183745501269,SPY hedge ~0.0% notional; corr_or_stress_hedge,-0.01197799633480684
217,2020-10-30 00:00:00,TRANSITION,1.611328036963964,crisis_spike,corr_crisis,fact_anomaly|fact_transition,"['fact_anomaly', 'fact_transition']","corr_crisis | also: fact_anomaly,fact_transition",4,0.014258432512030865,mc_full_var,0.6987867121834814,SPY hedge ~0.0% notional; corr_or_stress_hedge,0.0006569485777852351
218,2020-11-02 00:00:00,TRANSITION,1.6177429917375432,crisis_spike,corr_crisis,fact_anomaly|fact_transition,"['fact_anomaly', 'fact_transition']","corr_crisis | also: fact_anomaly,fact_transition",4,0.01633798063641873,mc_full_var,0.900047552723047,SPY hedge ~0.0% notional; corr_or_stress_hedge,-0.0021129453369961894
219,2020-11-03 00:00:00,CALM,1.5398421293688958,crisis_spike,corr_crisis,fact_anomaly,['fact_anomaly'],corr_crisis | also: fact_anomaly,3,0.01466770354053734,mc_full_var,0.9096016377141848,SPY hedge ~0.0% notional; corr_or_stress_hedge,-0.0029071940370809886
220,2020-11-04 00:00:00,CALM,1.4778369730795131,normal,normal,,[],normal,2,0.013930072696470872,mc_full_var,0.9091227734976245,SPY hedge ~0.0% notional; none,-0.006947453270622503
221,2020-11-05 00:00:00,CALM,1.50820443545595,crisis_spike,corr_crisis,,[],corr_crisis,2,0.012921950306512308,mc_full_var,0.652544323827002,SPY hedge ~0.0% notional; corr_or_stress_hedge,0.005068101049694236
222,2020-11-06 00:00:00,CALM,1.6823634012421733,crisis_spike,corr_crisis,,[],corr_crisis,2,0.01418749883792507,mc_full_var,0.5197920275655703,SPY hedge ~0.0% notional; corr_or_stress_hedge,0.00078768962709407
223,2020-11-09 00:00:00,TRANSITION,1.6007887119241684,crisis_spike,corr_crisis,fact_anomaly|fact_transition,"['fact_anomaly', 'fact_transition']","corr_crisis | also: fact_anomaly,fact_transition",4,0.016687553661674955,mc_full_var,0.989329035330622,SPY hedge ~0.0% notional; corr_or_stress_hedge,0.001082089903094371
224,2020-11-10 00:00:00,CALM,1.5080350238827012,crisis_spike,corr_crisis,fact_anomaly,['fact_anomaly'],corr_crisis | also: fact_anomaly,3,0.01257058712627913,mc_full_var,0.7492930018629194,SPY hedge ~0.0% notional; corr_or_stress_hedge,0.00494238591364664
225,2020-11-11 00:00:00,CALM,1.4433380917131284,normal,normal,,[],normal,2,0.013833744348797488,mc_full_var,0.7311603557879601,SPY hedge ~0.0% notional; none,0.0019399716539243907
226,2020-11-12 00:00:00,CALM,1.4069862248204525,normal,normal,,[],normal,2,0.014682546581471544,mc_full_var,0.7018431938805954,SPY hedge ~0.0% notional; none,0.005105125051059582
227,2020-11-13 00:00:00,CALM,1.3041090827573931,normal,normal,,[],normal,2,0.014809122292344662,mc_full_var,0.789382215980033,SPY hedge ~0.0% notional; none,-0.004112498213639343
228,2020-11-16 00:00:00,CALM,1.1784775611098492,normal,normal,,[],normal,2,0.016049534358193934,mc_full_var,0.680527054082737,SPY hedge ~0.0% notional; none,0.006114478857668247
229,2020-11-17 00:00:00,CALM,1.230844725842685,normal,normal,,[],normal,2,0.012965958029315463,mc_full_var,0.6359423118218495,SPY hedge ~0.0% notional; none,-0.0031074561051250243
230,2020-11-18 00:00:00,CALM,1.2219309396107003,normal,anomaly_suppress,,[],anomaly_suppress,3,0.014973536245276604,mc_full_var,0.820729810911309,SPY hedge ~0.0% notional; none,0.0019230759752529463
231,2020-11-19 00:00:00,CALM,1.1299850393381408,normal,normal,,[],normal,0,0.01421900094306906,mc_full_var,0.8089740906142792,SPY hedge ~0.0% notional; none,0.004708625658023856
232,2020-11-20 00:00:00,CALM,1.0164427444835324,normal,normal,,[],normal,2,0.013172984538977417,mc_full_var,0.6824544680977267,SPY hedge ~0.0% notional; none,-0.002430956371842841
233,2020-11-23 00:00:00,CALM,0.9562523576208599,normal,normal,,[],normal,2,0.015203699168719996,mc_full_var,0.8418996803121606,SPY hedge ~0.0% notional; none,0.0037417665088957447
234,2020-11-24 00:00:00,CALM,0.9614628318836572,normal,normal,,[],normal,2,0.0132716013508599,mc_full_var,0.7474314062508015,SPY hedge ~0.0% notional; none,0.002399167552964974
235,2020-11-25 00:00:00,CALM,0.8509186870795334,normal,anomaly_suppress,,[],anomaly_suppress,3,0.014248296024418542,mc_full_var,0.6721859204730564,SPY hedge ~0.0% notional; none,-0.0004650757095742608
236,2020-11-26 00:00:00,CALM,0.9276725743008741,normal,normal,,[],normal,2,0.014677293987509278,mc_full_var,0.47837880679380407,SPY hedge ~0.0% notional; none,0.0021878732303021176
237,2020-11-27 00:00:00,CALM,0.9537490115948782,normal,normal,,[],normal,0,0.017933021569622804,mc_full_var,0.6986856943441586,SPY hedge ~0.0% notional; none,-0.008767741702977502
238,2020-11-30 00:00:00,CALM,0.9382041520583985,normal,normal,,[],normal,0,0.015964528752620142,mc_full_var,0.7216920091238317,SPY hedge ~0.0% notional; none,-0.006168250928306636
239,2020-12-01 00:00:00,CALM,0.9014159915255704,normal,normal,,[],normal,2,0.014483346710485054,mc_full_var,0.6790798189877892,SPY hedge ~0.0% notional; none,0.0030058860651052933
240,2020-12-02 00:00:00,CALM,0.8378723534956478,normal,normal,,[],normal,0,0.01363579645147652,mc_full_var,0.9038111174022428,SPY hedge ~0.0% notional; none,-0.0007020565901310145
241,2020-12-03 00:00:00,CALM,0.8440052904883065,normal,normal,,[],normal,2,0.014216302695906584,mc_full_var,0.7134731895715645,SPY hedge ~0.0% notional; none,0.0009292915138548726
242,2020-12-04 00:00:00,CALM,0.8735469553773652,normal,normal,,[],normal,0,0.014529655068808352,mc_full_var,0.7325307794210121,SPY hedge ~0.0% notional; none,-0.001312532888062054
243,2020-12-07 00:00:00,CALM,0.8450440273487216,normal,normal,,[],normal,0,0.014153824162630151,mc_full_var,0.6448311196576244,SPY hedge ~0.0% notional; none,-0.007569361083775219
244,2020-12-08 00:00:00,CALM,0.9866081171953311,normal,normal,,[],normal,0,0.014950436569732738,mc_full_var,0.7104276195266477,SPY hedge ~0.0% notional; none,-7.5697716928824145e-06
245,2020-12-09 00:00:00,CALM,0.917687140077156,normal,normal,,[],normal,0,0.01714933670792171,mc_full_var,0.804843128329203,SPY hedge ~0.0% notional; none,0.0108797402776062
246,2020-12-10 00:00:00,CALM,0.9001661003429317,normal,normal,,[],normal,0,0.013142811295005975,mc_full_var,0.774676676078298,SPY hedge ~0.0% notional; none,-0.004145113653642513
247,2020-12-11 00:00:00,CALM,0.840126726511887,normal,normal,,[],normal,0,0.013139645575760686,mc_full_var,0.6860637433900794,SPY hedge ~0.0% notional; none,-0.0024735431243775832
248,2020-12-14 00:00:00,CALM,0.8451234025581843,normal,normal,,[],normal,0,0.015413266936462798,mc_full_var,0.8249316767309849,SPY hedge ~0.0% notional; none,-0.006798597707250705
249,2020-12-15 00:00:00,CALM,0.853947810079363,normal,normal,,[],normal,0,0.015250170847937472,mc_full_var,0.7,SPY hedge ~0.0% notional; none,-4.051416078941776e-05
250,2020-12-16 00:00:00,CALM,0.8132974741682399,normal,normal,,[],normal,0,0.016604796050883785,mc_full_var,0.8354174889277535,SPY hedge ~0.0% notional; none,-0.0063590362812963675
251,2020-12-17 00:00:00,CALM,0.7129704794609182,normal,normal,,[],normal,0,0.014755043526843462,mc_full_var,0.7758656449401641,SPY hedge ~0.0% notional; none,-0.0021712734006283474
252,2020-12-18 00:00:00,CALM,0.6211019486579749,normal,normal,,[],normal,0,0.016351710873491195,mc_full_var,0.7374478645711857,SPY hedge ~0.0% notional; none,-0.006321795062969235
253,2020-12-21 00:00:00,CALM,0.9436488688886061,normal,anomaly_suppress,,[],anomaly_suppress,3,0.014768855163090825,mc_full_var,0.7066488896743659,SPY hedge ~0.0% notional; none,0.00252936121274342
254,2020-12-22 00:00:00,CALM,0.870381637208262,normal,normal,,[],normal,0,0.017044294252190294,mc_full_var,0.6471410517789703,SPY hedge ~0.0% notional; none,0.0034978865146944454
255,2020-12-23 00:00:00,CALM,0.8176626601294789,normal,normal,,[],normal,0,0.017591986993443994,mc_full_var,0.6314734754784943,SPY hedge ~0.0% notional; none,-0.0014666986501194767
256,2020-12-24 00:00:00,CALM,0.7150026323075233,normal,normal,,[],normal,0,0.01786189315678043,mc_full_var,0.6353122154795156,SPY hedge ~0.0% notional; none,-0.002395415859060872
257,2020-12-25 00:00:00,CALM,0.6622524147612435,normal,normal,,[],normal,0,0.015175797468763772,mc_full_var,0.6750922299796193,SPY hedge ~0.0% notional; none,0.0009300836214468731
258,2020-12-28 00:00:00,CALM,0.6905886512045802,normal,normal,,[],normal,0,0.017134843384443002,mc_full_var,0.7,SPY hedge ~0.0% notional; none,-0.00513003416341625
259,2020-12-29 00:00:00,CALM,0.6458545330371956,normal,normal,,[],normal,0,0.016840461946296303,mc_full_var,0.7,SPY hedge ~0.0% notional; none,-0.0033979853594476575
260,2020-12-30 00:00:00,CALM,0.7951013749224436,normal,normal,,[],normal,0,0.015743595880769668,mc_full_var,0.8045385850794166,SPY hedge ~0.0% notional; none,-0.003318253862787886
261,2020-12-31 00:00:00,CALM,0.8278290346068979,normal,normal,,[],normal,0,0.01368515316550006,mc_full_var,0.7,SPY hedge ~0.0% notional; none,0.004992013618487995
262,2021-01-01 00:00:00,CALM,0.8069793101332404,normal,normal,,[],normal,0,0.016132058714870987,mc_full_var,0.787234648195229,SPY hedge ~0.0% notional; none,-0.007210700283469056
263,2021-01-04 00:00:00,CALM,0.6978632235442218,normal,normal,,[],normal,2,0.013564532321631396,mc_full_var,0.7,SPY hedge ~0.0% notional; none,-0.001816129154981059
264,2021-01-05 00:00:00,CALM,0.8215606294223886,normal,normal,,[],normal,2,0.014804709539543806,mc_full_var,0.7,SPY hedge ~0.0% notional; none,-0.0030726634200171324
265,2021-01-06 00:00:00,CALM,0.8500279767664115,normal,normal,,[],normal,0,0.015870635088989688,mc_full_var,0.7,SPY hedge ~0.0% notional; none,0.005283388133954704
266,2021-01-07 00:00:00,CALM,0.8641708840545649,normal,normal,,[],normal,0,0.01590085842352241,mc_full_var,0.8410105556196423,SPY hedge ~0.0% notional; none,0.003986878067057779
267,2021-01-08 00:00:00,CALM,0.7718086044706055,normal,normal,,[],normal,0,0.013077485546240884,mc_full_var,0.6714499820222009,SPY hedge ~0.0% notional; none,-0.0002366459415419174
268,2021-01-11 00:00:00,CALM,0.8038198198726005,normal,normal,,[],normal,0,0.015782486148832934,mc_full_var,0.6344768547232194,SPY hedge ~0.0% notional; none,-0.0043569360220919
269,2021-01-12 00:00:00,CALM,0.5701560453950204,normal,normal,,[],normal,2,0.0160110472483804,mc_full_var,0.626977920731222,SPY hedge ~0.0% notional; none,0.005819116598133182
270,2021-01-13 00:00:00,CALM,0.76530403171712,normal,normal,,[],normal,0,0.016607620395081655,mc_full_var,0.577196461419319,SPY hedge ~0.0% notional; none,-0.008072241436236725
271,2021-01-14 00:00:00,CALM,0.6300925711443932,normal,normal,,[],normal,2,0.015423572233471811,mc_full_var,0.5440528628569472,SPY hedge ~0.0% notional; none,0.0038438989904029876
272,2021-01-15 00:00:00,CALM,0.5165937922855827,normal,normal,,[],normal,0,0.01688070060050707,mc_full_var,0.6674198638170337,SPY hedge ~0.0% notional; none,0.002482545028514108
273,2021-01-18 00:00:00,CALM,0.4470351776661013,normal,normal,,[],normal,2,0.015489610954588274,mc_full_var,0.599332915093277,SPY hedge ~0.0% notional; none,-0.004997796630396375
274,2021-01-19 00:00:00,CALM,0.4655899247141002,normal,normal,,[],normal,0,0.014685425049899456,mc_full_var,0.6531421440455512,SPY hedge ~0.0% notional; none,-0.004301509749561337
275,2021-01-20 00:00:00,CALM,0.594826987964293,normal,normal,,[],normal,0,0.015576936571843334,mc_full_var,0.3642025836036,SPY hedge ~0.0% notional; none,-0.0036933243414716786
276,2021-01-21 00:00:00,CALM,0.4403827534636922,normal,normal,,[],normal,2,0.021545219029086026,mc_full_var,0.5934379643860679,SPY hedge ~0.0% notional; none,0.0031212452905989133
277,2021-01-22 00:00:00,CALM,0.5471120672493541,normal,normal,,[],normal,0,0.017305673739280172,mc_full_var,0.5277808709473693,SPY hedge ~0.0% notional; none,0.001564056410986583
278,2021-01-25 00:00:00,CALM,0.5035010613838687,normal,normal,,[],normal,0,0.019204289382690122,mc_full_var,0.3906460241562725,SPY hedge ~0.0% notional; none,-0.0015291746522926608
279,2021-01-26 00:00:00,CALM,0.45112134735048154,normal,normal,,[],normal,0,0.021765876975337727,mc_full_var,0.5960139977731553,SPY hedge ~0.0% notional; none,0.002714967747900123
280,2021-01-27 00:00:00,CALM,0.36829998369829753,normal,normal,,[],normal,0,0.014011031827810456,mc_full_var,0.7917309281482104,SPY hedge ~0.0% notional; none,-0.004762650063153044
281,2021-01-28 00:00:00,CALM,0.3815739879779262,normal,normal,,[],normal,0,0.01379873953156869,mc_full_var,0.7,SPY hedge ~0.0% notional; none,0.004135413027719335
282,2021-01-29 00:00:00,CALM,-0.01890722150652178,normal,normal,,[],normal,2,0.015668621680911956,mc_full_var,0.9752977628326214,SPY hedge ~0.0% notional; none,-0.01043193091394258
283,2021-02-01 00:00:00,CALM,0.3791383159018388,normal,anomaly_suppress,,[],anomaly_suppress,3,0.014980217551519664,mc_full_var,0.6409444841472254,SPY hedge ~0.0% notional; none,-0.0017136265126477233
284,2021-02-02 00:00:00,CALM,0.5146122347246475,normal,normal,,[],normal,0,0.017374854318572327,mc_full_var,0.5221899741351389,SPY hedge ~0.0% notional; none,0.00260766755332337
285,2021-02-03 00:00:00,CALM,0.4629272815084284,normal,normal,,[],normal,2,0.01667564922332083,mc_full_var,0.618531487834609,SPY hedge ~0.0% notional; none,-0.0014580195861061663
286,2021-02-04 00:00:00,CALM,0.07196489508192104,normal,normal,,[],normal,1,0.017943986584513356,mc_full_var,0.6420090868179319,SPY hedge ~0.0% notional; none,0.00404610313527474
287,2021-02-05 00:00:00,CALM,0.028015346802942785,normal,normal,,[],normal,1,0.01686800606665043,mc_full_var,0.8411078392667881,SPY hedge ~0.0% notional; none,-0.0028255826562500314
288,2021-02-08 00:00:00,CALM,0.04384581916625882,normal,normal,,[],normal,1,0.01520996778973467,mc_full_var,0.9402267818753932,SPY hedge ~0.0% notional; none,-0.0032373136251881967
289,2021-02-09 00:00:00,CALM,-0.08776203522355983,normal,normal,,[],normal,1,0.013716945426108577,mc_full_var,0.9086197353938733,SPY hedge ~0.0% notional; none,-0.0005622436398196773
290,2021-02-10 00:00:00,CALM,-0.13839301491197725,normal,normal,,[],normal,1,0.013824444546075822,mc_full_var,0.8769565248539536,SPY hedge ~0.0% notional; none,-0.0018714926670463307
291,2021-02-11 00:00:00,CALM,-0.5161492362364509,normal,normal,,[],normal,1,0.015415593668901597,mc_full_var,0.7,SPY hedge ~0.0% notional; none,0.01197992515806477
292,2021-02-12 00:00:00,TRANSITION,-0.2115303523517465,normal,anomaly_suppress,fact_transition,['fact_transition'],anomaly_suppress | also: fact_transition,4,0.017527176087230235,mc_full_var,0.49549044060838865,SPY hedge ~0.0% notional; none,-0.005455927436617339
293,2021-02-15 00:00:00,CALM,0.23312389579432857,normal,normal,,[],normal,1,0.01694098715771095,mc_full_var,0.36848884959251127,SPY hedge ~0.0% notional; none,-0.004182014108196638
294,2021-02-16 00:00:00,CALM,0.006074892238752704,normal,anomaly_suppress,,[],anomaly_suppress,3,0.02079727754375328,mc_full_var,0.5890469664797086,SPY hedge ~0.0% notional; none,-0.004196605006683844
295,2021-02-17 00:00:00,CALM,-0.13275939626397545,normal,normal,,[],normal,1,0.017074983929561943,mc_full_var,0.7461763966089338,SPY hedge ~0.0% notional; none,-0.0031338302432143148
296,2021-02-18 00:00:00,CALM,-0.3457602220278052,normal,normal,,[],normal,1,0.014751539715232055,mc_full_var,0.8938166900320097,SPY hedge ~0.0% notional; none,-0.005841838474075238
297,2021-02-19 00:00:00,CALM,-0.7219584645979472,normal,normal,,[],normal,2,0.013709605741740384,mc_full_var,0.7116032332014051,SPY hedge ~0.0% notional; none,-0.005052103312462401
298,2021-02-22 00:00:00,CALM,-0.7648747157163014,normal,normal,,[],normal,1,0.014729069523803881,mc_full_var,0.6225736569920333,SPY hedge ~0.0% notional; none,-0.0023174531423551907
299,2021-02-23 00:00:00,CALM,-0.5552294340503318,normal,normal,,[],normal,1,0.016221023534630605,mc_full_var,0.8569700394557576,SPY hedge ~0.0% notional; none,-0.005570695947185608
300,2021-02-24 00:00:00,CALM,-0.41375515909436766,normal,normal,,[],normal,1,0.012923123485815743,mc_full_var,0.8272627559678352,SPY hedge ~0.0% notional; none,-0.005578783950997038
301,2021-02-25 00:00:00,CALM,-0.4941316957070386,normal,normal,,[],normal,1,0.0142528242793346,mc_full_var,0.8990759630016218,SPY hedge ~0.0% notional; none,0.0030529888964455996
302,2021-02-26 00:00:00,CALM,-0.30236410688472176,normal,normal,,[],normal,1,0.012823505844524538,mc_full_var,0.9728006353382159,SPY hedge ~0.0% notional; none,0.003785568313391257
303,2021-03-01 00:00:00,CALM,-1.0393497390245385,diversification,diversification_regime,,[],diversification_regime,1,0.010863198461214616,mc_full_var,0.9823848570913843,SPY hedge ~0.0% notional; none,0.003932226300344229
304,2021-03-02 00:00:00,CALM,-1.1715615234919454,diversification,diversification_regime,,[],diversification_regime,1,0.012284973035527015,mc_full_var,0.963017698075209,SPY hedge ~0.0% notional; none,0.0023140884008621605
305,2021-03-03 00:00:00,CALM,-1.2861856859629524,diversification,diversification_regime,,[],diversification_regime,1,0.012540888705211544,mc_full_var,1.0,SPY hedge ~0.0% notional; none,-0.0031614644113054733
306,2021-03-04 00:00:00,CALM,-1.2176898246240848,diversification,diversification_regime,,[],diversification_regime,1,0.010756335807197178,mc_full_var,0.8964173541757455,SPY hedge ~0.0% notional; none,-0.012356140664146592
307,2021-03-05 00:00:00,CALM,-0.7657736152723952,normal,normal,,[],normal,1,0.012841105980646242,mc_full_var,0.836440967805207,SPY hedge ~0.0% notional; none,0.003016236953663643
308,2021-03-08 00:00:00,CALM,-0.6057965868340486,normal,normal,,[],normal,1,0.014879366804937283,mc_full_var,0.8212046675194338,SPY hedge ~0.0% notional; none,0.003003488556789672
309,2021-03-09 00:00:00,CALM,-0.5172768795638014,normal,normal,,[],normal,1,0.013723523594461466,mc_full_var,0.8084452180828577,SPY hedge ~0.0% notional; none,0.002161337027495342
310,2021-03-10 00:00:00,CALM,-0.37480131419482055,normal,normal,,[],normal,1,0.012115852675326362,mc_full_var,0.824218065739874,SPY hedge ~0.0% notional; none,0.0028518698959799364
311,2021-03-11 00:00:00,CALM,-0.41497872739191966,normal,normal,,[],normal,1,0.01315801865009153,mc_full_var,0.7190276110759151,SPY hedge ~0.0% notional; none,-0.005629731969088432
312,2021-03-12 00:00:00,CALM,-0.7128971469670424,normal,anomaly_suppress,,[],anomaly_suppress,3,0.014332989355078887,mc_full_var,0.7439297917198161,SPY hedge ~0.0% notional; none,0.00039638528839880166
313,2021-03-15 00:00:00,CALM,-0.8165210000710159,normal,normal,,[],normal,2,0.015314820794724553,mc_full_var,0.8185326147079517,SPY hedge ~0.0% notional; none,0.0025377429726480185
314,2021-03-16 00:00:00,CALM,-0.5069855400017521,normal,normal,,[],normal,1,0.014514136200285759,mc_full_var,0.8093100427160805,SPY hedge ~0.0% notional; none,-0.009612448388836075
315,2021-03-17 00:00:00,CALM,0.033338175976015995,normal,anomaly_suppress,,[],anomaly_suppress,3,0.013253617078232674,mc_full_var,0.6340225172540213,SPY hedge ~0.0% notional; none,-0.004880054781154817
316,2021-03-18 00:00:00,CALM,-0.0562506534660645,normal,normal,,[],normal,1,0.015353856451422468,mc_full_var,0.7423825577315515,SPY hedge ~0.0% notional; none,-0.0039156669987277055
317,2021-03-19 00:00:00,CALM,0.020203170272126775,normal,normal,,[],normal,1,0.014707046810741305,mc_full_var,0.7263072580779275,SPY hedge ~0.0% notional; none,0.004033801358099991
318,2021-03-22 00:00:00,TRANSITION,-0.1957086242312622,normal,anomaly_suppress,fact_transition,['fact_transition'],anomaly_suppress | also: fact_transition,3,0.01581372824488152,mc_full_var,0.6549072906842985,SPY hedge ~0.0% notional; none,0.002804661803625547
319,2021-03-23 00:00:00,TRANSITION,-0.5044843551746641,normal,anomaly_suppress,fact_transition,['fact_transition'],anomaly_suppress | also: fact_transition,4,0.015260126729974696,mc_full_var,0.7016988535911044,SPY hedge ~0.0% notional; none,0.0020876959576651656
320,2021-03-24 00:00:00,TRANSITION,-1.9852254243909913,diversification,anomaly_suppress,fact_transition|fact_diversification_corr,"['fact_transition', 'fact_diversification_corr']","anomaly_suppress | also: fact_transition,fact_diversification_corr",3,0.014648570244856416,mc_full_var,0.7773962864896788,SPY hedge ~0.0% notional; none,-0.0031410211373512336
321,2021-03-25 00:00:00,TRANSITION,-2.5006458104579328,diversification,anomaly_suppress,fact_transition|fact_diversification_corr,"['fact_transition', 'fact_diversification_corr']","anomaly_suppress | also: fact_transition,fact_diversification_corr",3,0.014108058468602903,mc_full_var,0.9319670372735946,SPY hedge ~0.0% notional; none,0.0031166698302018472
322,2021-03-26 00:00:00,TRANSITION,-3.088726124471269,diversification,anomaly_suppress,fact_transition|fact_diversification_corr,"['fact_transition', 'fact_diversification_corr']","anomaly_suppress | also: fact_transition,fact_diversification_corr",3,0.013771631813787455,mc_full_var,0.9944296399365957,SPY hedge ~0.0% notional; none,-0.00988932030462935
323,2021-03-29 00:00:00,TRANSITION,-1.8085043911525458,diversification,anomaly_suppress,fact_transition|fact_diversification_corr,"['fact_transition', 'fact_diversification_corr']","anomaly_suppress | also: fact_transition,fact_diversification_corr",5,0.013412170366290254,mc_full_var,0.9999999999986668,SPY hedge ~0.0% notional; none,-0.0029449679919752413
324,2021-03-30 00:00:00,TRANSITION,-2.0292433681337383,diversification,anomaly_suppress,fact_transition|fact_diversification_corr,"['fact_transition', 'fact_diversification_corr']","anomaly_suppress | also: fact_transition,fact_diversification_corr",3,0.011960621866030408,mc_full_var,0.8667734357577109,SPY hedge ~0.0% notional; none,-0.0035651935465168937
325,2021-03-31 00:00:00,TRANSITION,-1.9803376075025818,diversification,anomaly_suppress,fact_transition|fact_diversification_corr,"['fact_transition', 'fact_diversification_corr']","anomaly_suppress | also: fact_transition,fact_diversification_corr",6,0.013385311207234095,mc_full_var,0.7480229496693812,SPY hedge ~0.0% notional; none,-0.004563017801776759
326,2021-04-01 00:00:00,TRANSITION,-1.8243552489862376,diversification,anomaly_suppress,fact_transition|fact_diversification_corr,"['fact_transition', 'fact_diversification_corr']","anomaly_suppress | also: fact_transition,fact_diversification_corr",7,0.012581726067520503,mc_full_var,0.6695929650780006,SPY hedge ~0.0% notional; none,0.0024045006566127407
327,2021-04-02 00:00:00,TRANSITION,-2.369194976202023,diversification,anomaly_suppress,fact_transition|fact_diversification_corr,"['fact_transition', 'fact_diversification_corr']","anomaly_suppress | also: fact_transition,fact_diversification_corr",7,0.015660304393110766,mc_full_var,0.6855018875338421,SPY hedge ~0.0% notional; none,0.001747727872841813
328,2021-04-05 00:00:00,TRANSITION,-2.2121536878647325,diversification,anomaly_suppress,fact_transition|fact_diversification_corr,"['fact_transition', 'fact_diversification_corr']","anomaly_suppress | also: fact_transition,fact_diversification_corr",6,0.015954598526466666,mc_full_var,0.5893492405111154,SPY hedge ~0.0% notional; none,0.0025256509470793225
329,2021-04-06 00:00:00,TRANSITION,-2.4127599056203954,diversification,anomaly_suppress,fact_transition|fact_diversification_corr,"['fact_transition', 'fact_diversification_corr']","anomaly_suppress | also: fact_transition,fact_diversification_corr",6,0.015264847882627797,mc_full_var,0.5885455479075066,SPY hedge ~0.0% notional; none,-0.00150923399801259
330,2021-04-07 00:00:00,TRANSITION,-2.225166593103325,diversification,anomaly_suppress,fact_transition|fact_diversification_corr,"['fact_transition', 'fact_diversification_corr']","anomaly_suppress | also: fact_transition,fact_diversification_corr",4,0.0166936710463652,mc_full_var,0.6869038933129088,SPY hedge ~0.0% notional; none,-0.006271675292282196
331,2021-04-08 00:00:00,TRANSITION,-2.2082408457955314,diversification,anomaly_suppress,fact_transition|fact_diversification_corr,"['fact_transition', 'fact_diversification_corr']","anomaly_suppress | also: fact_transition,fact_diversification_corr",6,0.014748798560582371,mc_full_var,0.5681509811451289,SPY hedge ~0.0% notional; none,0.002294201943601587
332,2021-04-09 00:00:00,TRANSITION,-2.1376233528593147,diversification,anomaly_suppress,fact_transition|fact_diversification_corr,"['fact_transition', 'fact_diversification_corr']","anomaly_suppress | also: fact_transition,fact_diversification_corr",6,0.01578779523620719,mc_full_var,0.6084705408971075,SPY hedge ~0.0% notional; none,0.00247111315539126
333,2021-04-12 00:00:00,TRANSITION,-2.157223889542269,diversification,anomaly_suppress,fact_transition|fact_diversification_corr,"['fact_transition', 'fact_diversification_corr']","anomaly_suppress | also: fact_transition,fact_diversification_corr",7,0.014102933920941828,mc_full_var,0.7606186828647261,SPY hedge ~0.0% notional; none,0.0010596866874927444
334,2021-04-13 00:00:00,TRANSITION,-2.154029574110123,diversification,anomaly_suppress,fact_transition|fact_diversification_corr,"['fact_transition', 'fact_diversification_corr']","anomaly_suppress | also: fact_transition,fact_diversification_corr",6,0.014528034122584004,mc_full_var,0.9150371757023318,SPY hedge ~0.0% notional; none,0.009607893610942029
335,2021-04-14 00:00:00,TRANSITION,-1.9275074599970883,diversification,anomaly_suppress,fact_transition|fact_diversification_corr,"['fact_transition', 'fact_diversification_corr']","anomaly_suppress | also: fact_transition,fact_diversification_corr",4,0.014617675852965365,mc_full_var,0.8977999267718992,SPY hedge ~0.0% notional; none,0.0001650159360189656
336,2021-04-15 00:00:00,TRANSITION,-1.4273827637906402,diversification,anomaly_suppress,fact_transition|fact_diversification_corr,"['fact_transition', 'fact_diversification_corr']","anomaly_suppress | also: fact_transition,fact_diversification_corr",4,0.013473351198634319,mc_full_var,0.8405815964710455,SPY hedge ~0.0% notional; none,-0.003597940742077049
337,2021-04-16 00:00:00,TRANSITION,-1.0499222165203963,diversification,anomaly_suppress,fact_transition|fact_diversification_corr,"['fact_transition', 'fact_diversification_corr']","anomaly_suppress | also: fact_transition,fact_diversification_corr",4,0.013180408867021548,mc_full_var,0.8196652884494127,SPY hedge ~0.0% notional; none,-0.0009420686240887478
338,2021-04-19 00:00:00,TRANSITION,-0.9065313697958002,normal,anomaly_suppress,fact_transition,['fact_transition'],anomaly_suppress | also: fact_transition,5,0.01353398417827227,mc_full_var,0.723566292730577,SPY hedge ~0.0% notional; none,0.003306797459991871
339,2021-04-20 00:00:00,TRANSITION,-1.3350791509749564,diversification,anomaly_suppress,fact_transition|fact_diversification_corr,"['fact_transition', 'fact_diversification_corr']","anomaly_suppress | also: fact_transition,fact_diversification_corr",4,0.013618650396254416,mc_full_var,0.9716947396630821,SPY hedge ~0.0% notional; none,-0.005641619270293368
340,2021-04-21 00:00:00,TRANSITION,-1.5309602059944816,diversification,anomaly_suppress,fact_transition|fact_diversification_corr,"['fact_transition', 'fact_diversification_corr']","anomaly_suppress | also: fact_transition,fact_diversification_corr",6,0.013002568328985819,mc_full_var,0.9999999999986666,SPY hedge ~0.0% notional; none,0.0003860469894998702
341,2021-04-22 00:00:00,TRANSITION,-1.6443213727868733,diversification,anomaly_suppress,fact_transition|fact_diversification_corr,"['fact_transition', 'fact_diversification_corr']","anomaly_suppress | also: fact_transition,fact_diversification_corr",5,0.012823002628610419,mc_full_var,0.9805329863224789,SPY hedge ~0.0% notional; none,0.007334948453664927
342,2021-04-23 00:00:00,TRANSITION,-1.9203890096646623,diversification,anomaly_suppress,fact_transition|fact_diversification_corr,"['fact_transition', 'fact_diversification_corr']","anomaly_suppress | also: fact_transition,fact_diversification_corr",7,0.014499516949609279,mc_full_var,0.9207890902240615,SPY hedge ~0.0% notional; none,0.00047244737724777926
343,2021-04-26 00:00:00,TRANSITION,-2.1504022553924904,diversification,anomaly_suppress,fact_transition|fact_diversification_corr,"['fact_transition', 'fact_diversification_corr']","anomaly_suppress | also: fact_transition,fact_diversification_corr",5,0.01399647305870097,mc_full_var,0.8730066906070358,SPY hedge ~0.0% notional; none,0.0013669903397934774
344,2021-04-27 00:00:00,TRANSITION,-1.9132282824036706,diversification,anomaly_suppress,fact_transition|fact_diversification_corr,"['fact_transition', 'fact_diversification_corr']","anomaly_suppress | also: fact_transition,fact_diversification_corr",5,0.01436647110642315,mc_full_var,0.8573642770633788,SPY hedge ~0.0% notional; none,-0.004898004154738876
345,2021-04-28 00:00:00,TRANSITION,-1.4375474788952252,diversification,anomaly_suppress,fact_transition|fact_diversification_corr,"['fact_transition', 'fact_diversification_corr']","anomaly_suppress | also: fact_transition,fact_diversification_corr",5,0.014224988279593278,mc_full_var,0.8421627871305607,SPY hedge ~0.0% notional; none,0.0005483964573024197
346,2021-04-29 00:00:00,TRANSITION,-1.5838908706190453,diversification,anomaly_suppress,fact_transition|fact_diversification_corr,"['fact_transition', 'fact_diversification_corr']","anomaly_suppress | also: fact_transition,fact_diversification_corr",5,0.015979883001271726,mc_full_var,0.7993930439421066,SPY hedge ~0.0% notional; none,0.0012172544420961094
347,2021-04-30 00:00:00,TRANSITION,-1.8122352423191916,diversification,anomaly_suppress,fact_transition|fact_diversification_corr,"['fact_transition', 'fact_diversification_corr']","anomaly_suppress | also: fact_transition,fact_diversification_corr",5,0.01534128918296033,mc_full_var,0.7858356929958006,SPY hedge ~0.0% notional; none,0.0029854276746355667
348,2021-05-03 00:00:00,TRANSITION,-1.2880616961024531,diversification,anomaly_suppress,fact_transition|fact_diversification_corr,"['fact_transition', 'fact_diversification_corr']","anomaly_suppress | also: fact_transition,fact_diversification_corr",5,0.015330172310651542,mc_full_var,0.7954565780371752,SPY hedge ~0.0% notional; none,-0.003462355529269881
349,2021-05-04 00:00:00,TRANSITION,-1.3033925925427292,diversification,anomaly_suppress,fact_transition|fact_diversification_corr,"['fact_transition', 'fact_diversification_corr']","anomaly_suppress | also: fact_transition,fact_diversification_corr",7,0.013945708888028414,mc_full_var,0.8687941763718995,SPY hedge ~0.0% notional; none,-0.005433428319385274
350,2021-05-05 00:00:00,TRANSITION,-1.0125130661834645,diversification,anomaly_suppress,fact_transition|fact_diversification_corr,"['fact_transition', 'fact_diversification_corr']","anomaly_suppress | also: fact_transition,fact_diversification_corr",5,0.013360208888096956,mc_full_var,0.8828383409704917,SPY hedge ~0.0% notional; none,-0.0016652224906688168
351,2021-05-06 00:00:00,TRANSITION,-1.14087524922111,diversification,anomaly_suppress,fact_transition|fact_diversification_corr,"['fact_transition', 'fact_diversification_corr']","anomaly_suppress | also: fact_transition,fact_diversification_corr",5,0.014959969612792338,mc_full_var,0.8167546113500921,SPY hedge ~0.0% notional; none,0.000782106583011656
352,2021-05-07 00:00:00,TRANSITION,-0.9150162669715919,normal,anomaly_suppress,fact_transition,['fact_transition'],anomaly_suppress | also: fact_transition,5,0.01477443246109575,mc_full_var,0.816284916757225,SPY hedge ~0.0% notional; none,-5.5178166063890415e-05
353,2021-05-10 00:00:00,TRANSITION,-0.7421317154106121,normal,anomaly_suppress,fact_transition,['fact_transition'],anomaly_suppress | also: fact_transition,5,0.01411145877744566,mc_full_var,0.9449564287629175,SPY hedge ~0.0% notional; none,0.0009002131511746473
354,2021-05-11 00:00:00,TRANSITION,-0.45444315669358065,normal,anomaly_suppress,fact_transition,['fact_transition'],anomaly_suppress | also: fact_transition,6,0.013535365342112637,mc_full_var,0.8935803921420016,SPY hedge ~0.0% notional; none,0.006264213507234049
355,2021-05-12 00:00:00,TRANSITION,-0.5268223808495391,normal,anomaly_suppress,fact_transition,['fact_transition'],anomaly_suppress | also: fact_transition,5,0.013780976787853122,mc_full_var,0.9539772574148649,SPY hedge ~0.0% notional; none,0.007394889531485943
356,2021-05-13 00:00:00,TRANSITION,-0.22289885162766487,normal,anomaly_suppress,fact_transition,['fact_transition'],anomaly_suppress | also: fact_transition,3,0.013223219669097135,mc_full_var,0.995583989037509,SPY hedge ~0.0% notional; none,-0.004260695184143782
357,2021-05-14 00:00:00,TRANSITION,-0.020013127844523915,normal,anomaly_suppress,fact_transition,['fact_transition'],anomaly_suppress | also: fact_transition,4,0.014017414858245012,mc_full_var,0.9774541379516511,SPY hedge ~0.0% notional; none,-0.001060523352046574
358,2021-05-17 00:00:00,TRANSITION,0.13593242785857076,normal,anomaly_suppress,fact_transition,['fact_transition'],anomaly_suppress | also: fact_transition,3,0.01172521853959774,mc_full_var,0.841547898579877,SPY hedge ~0.0% notional; none,0.0003001648960892485
359,2021-05-18 00:00:00,TRANSITION,0.311302549480466,normal,anomaly_suppress,fact_transition,['fact_transition'],anomaly_suppress | also: fact_transition,3,0.013142101029747581,mc_full_var,0.8959935094712259,SPY hedge ~0.0% notional; none,-0.00108822401021591
360,2021-05-19 00:00:00,TRANSITION,0.48446664481403434,normal,anomaly_suppress,fact_transition,['fact_transition'],anomaly_suppress | also: fact_transition,3,0.01258614034878644,mc_full_var,0.8237658164674448,SPY hedge ~0.0% notional; none,-0.007212675914136308
361,2021-05-20 00:00:00,TRANSITION,0.16038025915792375,normal,anomaly_suppress,fact_transition,['fact_transition'],anomaly_suppress | also: fact_transition,4,0.013697365149787427,mc_full_var,0.9244126614421094,SPY hedge ~0.0% notional; none,-0.003954169337419569
362,2021-05-21 00:00:00,TRANSITION,-0.42419581766944625,normal,anomaly_suppress,fact_transition,['fact_transition'],anomaly_suppress | also: fact_transition,3,0.01417052251064106,mc_full_var,0.8963413101280567,SPY hedge ~0.0% notional; none,0.000997119226606098
363,2021-05-24 00:00:00,TRANSITION,-0.7519435301174922,normal,anomaly_suppress,fact_transition,['fact_transition'],anomaly_suppress | also: fact_transition,6,0.012859360976156238,mc_full_var,0.9826084105884073,SPY hedge ~0.0% notional; none,-0.006504554062412732
364,2021-05-25 00:00:00,TRANSITION,-0.8598941990800495,normal,anomaly_suppress,fact_transition,['fact_transition'],anomaly_suppress | also: fact_transition,4,0.012811008984641875,mc_full_var,0.8414651640890437,SPY hedge ~0.0% notional; none,-0.0007969055656925078
365,2021-05-26 00:00:00,TRANSITION,-1.0060422067645294,diversification,anomaly_suppress,fact_transition|fact_diversification_corr,"['fact_transition', 'fact_diversification_corr']","anomaly_suppress | also: fact_transition,fact_diversification_corr",3,0.013379047983840481,mc_full_var,0.9999999999986667,SPY hedge ~0.0% notional; none,-0.003003258598507021
366,2021-05-27 00:00:00,TRANSITION,-0.8082680113278471,normal,anomaly_suppress,fact_transition,['fact_transition'],anomaly_suppress | also: fact_transition,5,0.014401489833097367,mc_full_var,0.8265926018969952,SPY hedge ~0.0% notional; none,0.0005803134069112777
367,2021-05-28 00:00:00,TRANSITION,-0.7316614685986681,normal,transition,,[],transition,2,0.013565129997119927,mc_full_var,0.7196453810589748,SPY hedge ~0.0% notional; none,0.005682706278506979
368,2021-05-31 00:00:00,TRANSITION,0.03629063855293147,normal,anomaly_suppress,fact_transition,['fact_transition'],anomaly_suppress | also: fact_transition,3,0.015480254133231595,mc_full_var,0.7,SPY hedge ~0.0% notional; none,-0.003179713975171817
369,2021-06-01 00:00:00,TRANSITION,0.3556359825434884,normal,transition,,[],transition,2,0.015085228029612815,mc_full_var,0.6871996903490495,SPY hedge ~0.0% notional; none,-0.002310125745386306
370,2021-06-02 00:00:00,TRANSITION,0.4998921579493889,normal,transition,,[],transition,2,0.015847416509095512,mc_full_var,0.7242052757433217,SPY hedge ~0.0% notional; none,0.0020437162729761557
371,2021-06-03 00:00:00,TRANSITION,0.30796103134598535,normal,anomaly_suppress,fact_transition,['fact_transition'],anomaly_suppress | also: fact_transition,4,0.014613490129422582,mc_full_var,0.7861987711306496,SPY hedge ~0.0% notional; none,-0.0010948472436129216
372,2021-06-04 00:00:00,TRANSITION,0.5265004164641065,normal,transition,,[],transition,2,0.014158899187763023,mc_full_var,0.8011927879183097,SPY hedge ~0.0% notional; none,-0.002250598762011544
373,2021-06-07 00:00:00,TRANSITION,0.46123082313903546,normal,transition,,[],transition,2,0.013913965928013389,mc_full_var,0.9904865048252833,SPY hedge ~0.0% notional; none,-0.002870464744511722
374,2021-06-08 00:00:00,TRANSITION,0.07778087218123214,normal,anomaly_suppress,fact_transition,['fact_transition'],anomaly_suppress | also: fact_transition,4,0.013247350034157784,mc_full_var,0.9218924515157899,SPY hedge ~0.0% notional; none,-0.00996384012652642
375,2021-06-09 00:00:00,TRANSITION,-0.22185867477848012,normal,anomaly_suppress,fact_transition,['fact_transition'],anomaly_suppress | also: fact_transition,6,0.012994163061210326,mc_full_var,0.8675503257036488,SPY hedge ~0.0% notional; none,0.00505369567172425
376,2021-06-10 00:00:00,TRANSITION,-0.528034338417657,normal,anomaly_suppress,fact_transition,['fact_transition'],anomaly_suppress | also: fact_transition,6,0.011850478300220355,mc_full_var,0.8536423506213143,SPY hedge ~0.0% notional; none,0.002563439979348427
377,2021-06-11 00:00:00,TRANSITION,-0.6707620126049613,normal,anomaly_suppress,fact_transition,['fact_transition'],anomaly_suppress | also: fact_transition,4,0.013122150672991339,mc_full_var,0.8068982932565976,SPY hedge ~0.0% notional; none,-0.0019111498418479269
378,2021-06-14 00:00:00,TRANSITION,-1.0924116458380053,diversification,anomaly_suppress,fact_transition|fact_diversification_corr,"['fact_transition', 'fact_diversification_corr']","anomaly_suppress | also: fact_transition,fact_diversification_corr",5,0.014152366313608175,mc_full_var,0.8817225518302088,SPY hedge ~0.0% notional; none,-0.013151507781708732
379,2021-06-15 00:00:00,TRANSITION,-0.8839366531388585,normal,anomaly_suppress,fact_transition,['fact_transition'],anomaly_suppress | also: fact_transition,8,0.014796902408941976,mc_full_var,0.8371387555068072,SPY hedge ~0.0% notional; none,0.0049560483947457615
380,2021-06-16 00:00:00,TRANSITION,-1.079956217653923,diversification,anomaly_suppress,fact_transition|fact_diversification_corr,"['fact_transition', 'fact_diversification_corr']","anomaly_suppress | also: fact_transition,fact_diversification_corr",4,0.01454408455316322,mc_full_var,0.8236047193951563,SPY hedge ~0.0% notional; none,0.008927681308933096
381,2021-06-17 00:00:00,TRANSITION,-0.7739472520902443,normal,anomaly_suppress,fact_transition,['fact_transition'],anomaly_suppress | also: fact_transition,6,0.013908738614349507,mc_full_var,0.7,SPY hedge ~0.0% notional; none,0.0027801881174515297
382,2021-06-18 00:00:00,TRANSITION,-0.34823662702268826,normal,anomaly_suppress,fact_transition,['fact_transition'],anomaly_suppress | also: fact_transition,5,0.018638406022277607,mc_full_var,0.7086814362932661,SPY hedge ~0.0% notional; none,-0.0028286033065981595
383,2021-06-21 00:00:00,TRANSITION,0.11477150013392608,normal,anomaly_suppress,fact_transition,['fact_transition'],anomaly_suppress | also: fact_transition,7,0.019007299405412435,mc_full_var,0.8140282679507046,SPY hedge ~0.0% notional; none,0.007418895938964071
384,2021-06-22 00:00:00,TRANSITION,0.6143028525040404,normal,transition,,[],transition,2,0.015471689764094571,mc_full_var,0.9452021240908267,SPY hedge ~0.0% notional; none,0.0074019364676767814
385,2021-06-23 00:00:00,TRANSITION,1.1900469484228196,normal,transition,,[],transition,2,0.014910735548029973,mc_full_var,0.8906260861423079,SPY hedge ~0.0% notional; none,0.010286774790035284
386,2021-06-24 00:00:00,TRANSITION,1.6561627343591139,crisis_spike,corr_crisis,fact_transition,['fact_transition'],corr_crisis | also: fact_transition,2,0.016291789228145184,mc_full_var,0.5869749980262697,SPY hedge ~0.0% notional; corr_or_stress_hedge,-0.005281244771402382
387,2021-06-25 00:00:00,TRANSITION,1.0283002794983955,normal,anomaly_suppress,fact_transition,['fact_transition'],anomaly_suppress | also: fact_transition,6,0.017110709353838325,mc_full_var,0.7774126464717067,SPY hedge ~0.0% notional; none,0.0007610024964850715
388,2021-06-28 00:00:00,TRANSITION,1.0579239617316036,normal,transition,,[],transition,2,0.01722630248002495,mc_full_var,0.7422364770432828,SPY hedge ~0.0% notional; none,0.010899653347397767
389,2021-06-29 00:00:00,TRANSITION,1.1671597744668003,normal,anomaly_suppress,fact_transition,['fact_transition'],anomaly_suppress | also: fact_transition,4,0.016444771408354843,mc_full_var,0.6316543652616236,SPY hedge ~0.0% notional; none,-0.005038867242869543
390,2021-06-30 00:00:00,TRANSITION,1.3762810460319639,normal,transition,,[],transition,2,0.015517108709896735,mc_full_var,0.6263369634193454,SPY hedge ~0.0% notional; none,0.004339326062681663
391,2021-07-01 00:00:00,CALM,1.7878765394771197,crisis_spike,corr_crisis,,[],corr_crisis,2,0.016912602492865633,mc_full_var,0.6621463011389399,SPY hedge ~0.0% notional; corr_or_stress_hedge,-0.00336516719751461
392,2021-07-02 00:00:00,TRANSITION,1.2460889062023455,normal,anomaly_suppress,fact_transition,['fact_transition'],anomaly_suppress | also: fact_transition,4,0.016696826166826863,mc_full_var,0.69127928597026,SPY hedge ~0.0% notional; none,0.010064094230589644
393,2021-07-05 00:00:00,CALM,1.3135001272469657,normal,normal,,[],normal,1,0.015427383843088449,mc_full_var,0.7346334186978318,SPY hedge ~0.0% notional; none,0.013355446063767012
394,2021-07-06 00:00:00,CALM,1.633441471671795,crisis_spike,corr_crisis,,[],corr_crisis,2,0.017545415427755406,mc_full_var,0.35,SPY hedge ~0.0% notional; corr_or_stress_hedge,-0.00030372282150673295
395,2021-07-07 00:00:00,CALM,1.2340161946917172,normal,anomaly_suppress,,[],anomaly_suppress,3,0.024429720840663714,mc_full_var,0.7001988334963927,SPY hedge ~0.0% notional; none,0.002109430636138659
396,2021-07-08 00:00:00,CALM,1.1660787240105144,normal,normal,,[],normal,2,0.016221133466447206,mc_full_var,0.9260144432163813,SPY hedge ~0.0% notional; none,-0.006347745860607394
397,2021-07-09 00:00:00,CALM,1.099448413436166,normal,normal,,[],normal,1,0.013142145947349717,mc_full_var,0.9008740677341487,SPY hedge ~0.0% notional; none,-0.008661951916856571
398,2021-07-12 00:00:00,CALM,0.7663868804209677,normal,normal,,[],normal,1,0.013806639185608802,mc_full_var,0.7039945101391325,SPY hedge ~0.0% notional; none,-0.004502019881405162
